id;created;event_name;event_description
1;Tuna integrated deposit;holistic SAS;../fake-data/blob/hipster.txt
2;Cambridgeshire fuchsia;back-end Account;../fake-data/blob/hipster.txt
3;hack Bedfordshire;architectures Tools;../fake-data/blob/hipster.txt
4;Home;strategic Personal Triple-buffered;../fake-data/blob/hipster.txt
5;Ball;transmitting;../fake-data/blob/hipster.txt
6;Accounts;portals Ergonomic payment;../fake-data/blob/hipster.txt
7;quantify discrete Gorgeous;Factors RSS maximize;../fake-data/blob/hipster.txt
8;Bedfordshire sexy;Metal;../fake-data/blob/hipster.txt
9;Montana Tuna;lavender;../fake-data/blob/hipster.txt
10;Somoni transitional;mint AI;../fake-data/blob/hipster.txt
